timestamp	company	status
2026-07-18T22:26:42.394Z	Vercel	reachable
2026-07-18T22:26:42.394Z	Notion	reachable
2026-07-18T22:26:42.394Z	Figma	reachable
2026-07-18T22:26:42.394Z	WorkOS	reachable
2026-07-18T22:26:42.394Z	Resend	reachable
2026-07-18T22:26:42.394Z	Clerk	empty
2026-07-18T22:26:42.394Z	Attio	reachable
2026-07-18T22:26:42.394Z	Supabase	reachable
2026-07-18T22:26:42.394Z	PlanetScale	reachable
2026-07-18T22:26:42.394Z	Temporal	reachable
2026-07-18T22:26:42.394Z	GitLab	reachable
2026-07-18T22:26:42.394Z	CircleCI	reachable
2026-07-18T22:26:42.394Z	Metabase	reachable
2026-07-18T22:26:42.394Z	Perforce (Puppet)	reachable
2026-07-18T22:26:42.394Z	OppLoans	reachable
2026-07-18T22:26:42.394Z	Ladder	reachable
2026-07-18T22:26:42.394Z	Hudl	reachable
2026-07-18T22:26:42.394Z	Viant Technology	reachable
2026-07-18T22:26:42.394Z	GitHub	reachable
2026-07-18T22:26:42.394Z	Doximity	reachable
2026-07-18T22:26:42.394Z	Nubank	reachable
2026-07-18T22:26:42.394Z	Allegiant Air	reachable
2026-07-18T22:26:42.394Z	Zappos	reachable
2026-07-18T22:26:42.394Z	RemoteOK	reachable
2026-07-18T22:26:42.394Z	We Work Remotely	reachable
2026-07-18T22:26:42.394Z	Himalayas	reachable
2026-07-18T22:56:41.598Z	Vercel	reachable
2026-07-18T22:56:41.598Z	Notion	reachable
2026-07-18T22:56:41.598Z	Figma	reachable
2026-07-18T22:56:41.598Z	WorkOS	reachable
2026-07-18T22:56:41.598Z	Resend	reachable
2026-07-18T22:56:41.598Z	Clerk	empty
2026-07-18T22:56:41.598Z	Attio	reachable
2026-07-18T22:56:41.598Z	Supabase	reachable
2026-07-18T22:56:41.598Z	PlanetScale	reachable
2026-07-18T22:56:41.598Z	Temporal	reachable
2026-07-18T22:56:41.598Z	CircleCI	reachable
2026-07-18T22:56:41.598Z	Metabase	reachable
2026-07-18T22:56:41.598Z	Perforce (Puppet)	reachable
2026-07-18T22:56:41.598Z	OppLoans	reachable
2026-07-18T22:56:41.598Z	Ladder	reachable
2026-07-18T22:56:41.598Z	Hudl	reachable
2026-07-18T22:56:41.598Z	Viant Technology	reachable
2026-07-18T22:56:41.598Z	Doximity	reachable
2026-07-18T22:56:41.598Z	Nubank	reachable
2026-07-18T22:56:41.598Z	Allegiant Air	reachable
2026-07-18T22:56:41.598Z	Zappos	reachable
2026-07-18T22:56:41.598Z	Render	reachable
2026-07-18T22:56:41.598Z	Tailscale	reachable
2026-07-18T22:56:41.598Z	Netlify	reachable
2026-07-18T22:56:41.598Z	Mux	reachable
2026-07-18T22:56:41.598Z	Lithic	reachable
2026-07-18T22:56:41.598Z	Prismatic	reachable
2026-07-18T22:56:41.598Z	Common Room	reachable
2026-07-18T22:56:41.598Z	Cypress.io	reachable
2026-07-18T22:56:41.598Z	Checkly	reachable
2026-07-18T22:56:41.598Z	Honeycomb	reachable
2026-07-18T22:56:41.598Z	Ashby	reachable
2026-07-18T22:56:41.598Z	Inngest	reachable
2026-07-18T22:56:41.598Z	Stylitics	reachable
2026-07-18T22:56:41.598Z	Sanity	reachable
2026-07-18T22:56:41.598Z	RemoteOK	reachable
2026-07-18T22:56:41.598Z	We Work Remotely	reachable
2026-07-18T22:56:41.598Z	Himalayas	reachable
2026-07-25T07:29:23.676Z	Vercel	reachable
2026-07-25T07:29:23.676Z	Notion	reachable
2026-07-25T07:29:23.676Z	Figma	reachable
2026-07-25T07:29:23.676Z	WorkOS	reachable
2026-07-25T07:29:23.676Z	Resend	reachable
2026-07-25T07:29:23.676Z	Clerk	empty
2026-07-25T07:29:23.676Z	Attio	reachable
2026-07-25T07:29:23.676Z	Supabase	reachable
2026-07-25T07:29:23.676Z	PlanetScale	reachable
2026-07-25T07:29:23.676Z	Temporal	reachable
2026-07-25T07:29:23.676Z	CircleCI	reachable
2026-07-25T07:29:23.676Z	Metabase	reachable
2026-07-25T07:29:23.676Z	Perforce (Puppet)	reachable
2026-07-25T07:29:23.676Z	OppLoans	reachable
2026-07-25T07:29:23.676Z	Ladder	reachable
2026-07-25T07:29:23.676Z	Hudl	reachable
2026-07-25T07:29:23.676Z	Viant Technology	reachable
2026-07-25T07:29:23.676Z	Doximity	reachable
2026-07-25T07:29:23.676Z	Nubank	empty
2026-07-25T07:29:23.676Z	Allegiant Air	reachable
2026-07-25T07:29:23.676Z	Zappos	reachable
2026-07-25T07:29:23.676Z	Render	reachable
2026-07-25T07:29:23.676Z	Tailscale	reachable
2026-07-25T07:29:23.676Z	Netlify	reachable
2026-07-25T07:29:23.676Z	Mux	reachable
2026-07-25T07:29:23.676Z	Lithic	reachable
2026-07-25T07:29:23.676Z	Prismatic	reachable
2026-07-25T07:29:23.676Z	Common Room	reachable
2026-07-25T07:29:23.676Z	Cypress.io	empty
2026-07-25T07:29:23.676Z	Checkly	reachable
2026-07-25T07:29:23.676Z	Honeycomb	reachable
2026-07-25T07:29:23.676Z	Ashby	reachable
2026-07-25T07:29:23.676Z	Inngest	reachable
2026-07-25T07:29:23.676Z	Stylitics	reachable
2026-07-25T07:29:23.676Z	Sanity	reachable
2026-07-25T07:29:23.676Z	RemoteOK	reachable
2026-07-25T07:29:23.676Z	We Work Remotely	reachable
2026-07-25T07:29:23.676Z	Himalayas	reachable
2026-07-25T07:34:03.067Z	Vercel	reachable
2026-07-25T07:34:03.067Z	Notion	reachable
2026-07-25T07:34:03.067Z	Figma	reachable
2026-07-25T07:34:03.067Z	WorkOS	reachable
2026-07-25T07:34:03.067Z	Resend	reachable
2026-07-25T07:34:03.067Z	Clerk	empty
2026-07-25T07:34:03.067Z	Attio	reachable
2026-07-25T07:34:03.067Z	Supabase	reachable
2026-07-25T07:34:03.067Z	PlanetScale	reachable
2026-07-25T07:34:03.067Z	Temporal	reachable
2026-07-25T07:34:03.067Z	CircleCI	reachable
2026-07-25T07:34:03.067Z	Metabase	reachable
2026-07-25T07:34:03.067Z	Perforce (Puppet)	reachable
2026-07-25T07:34:03.067Z	OppLoans	reachable
2026-07-25T07:34:03.067Z	Ladder	reachable
2026-07-25T07:34:03.067Z	Hudl	reachable
2026-07-25T07:34:03.067Z	Viant Technology	reachable
2026-07-25T07:34:03.067Z	Doximity	reachable
2026-07-25T07:34:03.067Z	Nubank	empty
2026-07-25T07:34:03.067Z	Allegiant Air	reachable
2026-07-25T07:34:03.067Z	Render	reachable
2026-07-25T07:34:03.067Z	Tailscale	reachable
2026-07-25T07:34:03.067Z	Netlify	reachable
2026-07-25T07:34:03.067Z	Mux	reachable
2026-07-25T07:34:03.067Z	Lithic	reachable
2026-07-25T07:34:03.067Z	Prismatic	reachable
2026-07-25T07:34:03.067Z	Common Room	reachable
2026-07-25T07:34:03.067Z	Cypress.io	empty
2026-07-25T07:34:03.067Z	Checkly	reachable
2026-07-25T07:34:03.067Z	Honeycomb	reachable
2026-07-25T07:34:03.067Z	Ashby	reachable
2026-07-25T07:34:03.067Z	Inngest	reachable
2026-07-25T07:34:03.067Z	Stylitics	reachable
2026-07-25T07:34:03.067Z	Sanity	reachable
2026-07-25T07:34:03.067Z	RemoteOK	reachable
2026-07-25T07:34:03.067Z	We Work Remotely	reachable
2026-07-25T07:34:03.067Z	Himalayas	reachable
